source,dest,edge_type,labels:label,source_type,flags:string[],lineno:int,code,childnum:int,funcid:int,classname,namespace,endlineno:int,source_name,doccomment,export,tainted
0,1,3,Filesystem,25,,-1.0,149,-1.0,,,,-1.0,34,,True,False
1,2,1,AST,19,TOPLEVEL_FILE,1.0,149,-1.0,,,1::1:56,1.0,34,,True,False
1,3,2,Artificial,23,,-1.0,149,-1.0,1.0,,,-1.0,34,,True,False
1,4,7,Artificial,24,,-1.0,149,-1.0,1.0,,,-1.0,34,,True,False
4,5,7,AST,18,,1.0,149,0.0,1.0,,1::1:56,1.0,38,,True,False
5,6,7,AST,3,,1.0,76,0.0,1.0,,1:4:1:55,1.0,38,,True,False
5,8,7,AST,21,JS_DECL_VAR,1.0,149,0.0,1.0,,1:4:1:13,1.0,38,,True,False
5,18,4,AST,30,,1.0,75,0.0,1.0,,1:4:1:13,1.0,20,,True,False
5,2080,5,AST,5,JS_REQUIRE_EXTERNAL,1.0,102,1.0,1.0,,1:14:1:55,1.0,3,,True,False
5,2074,5,AST,13,NAME_NOT_FQ,1.0,149,0.0,1.0,,1:14:1:55,1.0,38,,True,False
5,2074,5,AST,30,,1.0,101,0.0,1.0,,1:14:1:21,1.0,38,,True,False
5,1771,5,AST,0,,1.0,3,1.0,1.0,,1:14:1:55,1.0,38,,True,False
5,1771,5,AST,30,,1.0,23,0.0,1.0,,1:22:1:54,1.0,38,,True,False
5,1800,5,Filesystem,25,,-1.0,149,-1.0,,,,-1.0,3,,True,False
5,1804,5,AST,19,TOPLEVEL_FILE,1.0,149,-1.0,,,1::27:26,27.0,3,,True,False
6,7,7,Artificial,23,,-1.0,149,-1.0,14.0,,,-1.0,3,,True,False
8,9,7,Artificial,24,,-1.0,149,-1.0,14.0,,,-1.0,3,,True,False
8,11,7,AST,18,,1.0,149,0.0,14.0,,1::27:26,27.0,38,,True,False
9,10,7,AST,3,,1.0,147,0.0,14.0,,1:6:1:41,1.0,38,,True,False
11,12,7,AST,1,JS_OBJECT,1.0,149,0.0,14.0,,1:6:1:14,1.0,38,,True,False
13,14,3,AST,2,,1.0,149,0.0,14.0,,1:8:1:12,1.0,38,,True,False
14,15,1,AST,21,,1.0,149,0.0,14.0,,1:8:1:12,1.0,38,,True,False
14,16,2,AST,30,,1.0,66,0.0,14.0,,1:8:1:12,1.0,14,,True,False
14,17,7,AST,30,,1.0,66,1.0,14.0,,1:8:1:12,1.0,38,,True,False
17,18,7,AST,5,JS_REQUIRE_BUILTIN,1.0,103,1.0,14.0,,1:17:1:41,1.0,0,,True,False
17,29,7,AST,13,NAME_NOT_FQ,1.0,149,0.0,14.0,,1:17:1:41,1.0,38,,True,False
17,37,7,AST,30,,1.0,101,0.0,14.0,,1:17:1:24,1.0,38,,True,False
17,45,7,AST,0,,1.0,5,1.0,14.0,,1:17:1:41,1.0,38,,True,False
17,53,7,AST,30,,1.0,53,0.0,14.0,,1:25:1:40,1.0,38,,True,False
17,219,7,AST,3,,2.0,87,1.0,14.0,,2:6:2:28,2.0,38,,True,False
18,19,7,AST,21,JS_DECL_CONST,2.0,149,0.0,14.0,,2:6:2:10,2.0,38,,True,False
18,24,7,AST,30,,2.0,86,0.0,14.0,,2:6:2:10,2.0,23,,True,False
18,231,4,AST,5,JS_REQUIRE_BUILTIN,2.0,106,1.0,14.0,,2:13:2:28,2.0,7,,True,False
18,1870,5,AST,13,NAME_NOT_FQ,2.0,149,0.0,14.0,,2:13:2:28,2.0,38,,True,False
19,20,7,AST,30,,2.0,101,0.0,14.0,,2:13:2:20,2.0,38,,True,False
20,21,7,AST,0,,2.0,8,1.0,14.0,,2:13:2:28,2.0,38,,True,False
20,23,7,AST,30,,2.0,86,0.0,14.0,,2:21:2:27,2.0,38,,True,False
21,22,7,AST,3,,3.0,74,2.0,14.0,,3:6:3:24,3.0,38,,True,False
24,25,7,AST,21,JS_DECL_CONST,3.0,149,0.0,14.0,,3:6:3:8,3.0,38,,True,False
24,27,7,AST,30,,3.0,73,0.0,14.0,,3:6:3:8,3.0,18,,True,False
25,26,7,AST,5,JS_REQUIRE_BUILTIN,3.0,104,1.0,14.0,,3:11:3:24,3.0,1,,True,False
27,28,7,AST,13,NAME_NOT_FQ,3.0,149,0.0,14.0,,3:11:3:24,3.0,38,,True,False
29,30,7,AST,30,,3.0,101,0.0,14.0,,3:11:3:18,3.0,38,,True,False
29,32,7,AST,0,,3.0,6,1.0,14.0,,3:11:3:24,3.0,38,,True,False
29,37,4,AST,30,,3.0,73,0.0,14.0,,3:19:3:23,3.0,38,,True,False
30,31,7,AST,3,,4.0,85,3.0,14.0,,4:6:4:24,4.0,38,,True,False
32,33,7,AST,21,JS_DECL_CONST,4.0,149,0.0,14.0,,4:6:4:8,4.0,38,,True,False
32,35,7,AST,30,,4.0,84,0.0,14.0,,4:6:4:8,4.0,22,,True,False
33,34,7,AST,5,JS_REQUIRE_BUILTIN,4.0,105,1.0,14.0,,4:11:4:24,4.0,2,,True,False
35,36,7,AST,13,NAME_NOT_FQ,4.0,149,0.0,14.0,,4:11:4:24,4.0,38,,True,False
37,38,7,AST,30,,4.0,101,0.0,14.0,,4:11:4:18,4.0,38,,True,False
37,40,7,AST,0,,4.0,7,1.0,14.0,,4:11:4:24,4.0,38,,True,False
37,448,4,AST,30,,4.0,84,0.0,14.0,,4:19:4:23,4.0,38,,True,False
38,39,7,AST,3,,6.0,113,4.0,14.0,,6:4:25:1,25.0,38,,True,False
40,41,7,AST,21,JS_DECL_VAR,6.0,149,0.0,14.0,,6:4:6:13,6.0,38,,True,False
40,43,7,AST,30,,6.0,112,0.0,14.0,,6:4:6:13,6.0,28,,True,False
41,42,7,AST,6,,6.0,149,1.0,14.0,,6:16:25:1,25.0,38,,True,False
43,44,7,Artificial,23,,-1.0,149,-1.0,56.0,,,-1.0,38,,True,False
45,46,7,Artificial,24,,-1.0,149,-1.0,56.0,,,-1.0,38,,True,False
45,48,7,AST,30,,6.0,148,0.0,56.0,,6::6:,-1.0,38,,True,False
45,2061,5,AST,31,,6.0,149,1.0,56.0,,6::6:,-1.0,38,,True,False
45,2065,5,AST,15,,6.0,134,2.0,56.0,,6:16:25:1,25.0,38,,True,False
45,53,4,AST,14,,6.0,133,0.0,56.0,,6::6:,-1.0,38,,True,False
46,47,7,AST,31,,6.0,37,0.0,56.0,,6::6:,-1.0,38,,True,False
48,49,7,AST,30,,6.0,133,1.0,56.0,,6:25:6:33,6.0,38,,True,False
48,51,7,AST,31,,6.0,37,2.0,56.0,,6::6:,-1.0,38,,True,False
49,50,7,AST,14,,6.0,60,1.0,56.0,,6::6:,-1.0,38,,True,False
51,52,7,AST,31,,6.0,37,0.0,56.0,,6::6:,-1.0,38,,True,False
53,54,7,AST,30,,6.0,60,1.0,56.0,,6:34:6:43,6.0,38,,True,False
53,56,7,AST,31,,6.0,37,2.0,56.0,,6::6:,-1.0,38,,True,False
53,1771,5,AST,14,,6.0,42,2.0,56.0,,6::6:,-1.0,38,,True,False
53,1771,5,AST,31,,6.0,37,0.0,56.0,,6::6:,-1.0,38,,True,False
53,219,4,AST,30,,6.0,42,1.0,56.0,,6:44:6:52,6.0,38,,True,False
53,76,6,AST,31,,6.0,37,2.0,56.0,,6::6:,-1.0,38,,True,False
53,76,6,AST,31,,6.0,149,3.0,56.0,,6::6:,-1.0,38,,True,False
53,98,6,AST,18,,6.0,149,4.0,56.0,,6:53:25:1,25.0,38,,True,False
53,98,6,AST,3,,8.0,145,0.0,56.0,,8:8:8:65,8.0,38,split with src file name,True,False
53,98,6,AST,21,JS_DECL_VAR,8.0,149,0.0,56.0,,8:8:8:15,8.0,38,,True,False
53,98,6,AST,30,,8.0,144,0.0,56.0,,8:8:8:15,8.0,36,,True,False
54,55,7,AST,7,,8.0,139,1.0,56.0,,8:18:8:65,8.0,38,,True,False
56,57,1,AST,12,,8.0,138,0.0,56.0,,8:18:8:62,8.0,38,,True,False
56,58,2,AST,7,,8.0,137,0.0,56.0,,8:18:8:51,8.0,38,,True,False
56,59,7,AST,12,,8.0,136,0.0,56.0,,8:18:8:48,8.0,38,,True,False
56,60,7,AST,12,,8.0,135,0.0,56.0,,8:18:8:37,8.0,38,,True,False
56,61,7,AST,21,,8.0,149,0.0,56.0,,8:18:8:26,8.0,38,,True,False
56,74,7,AST,30,,8.0,133,0.0,56.0,,8:18:8:26,8.0,32,,True,False
56,75,7,AST,30,,8.0,132,1.0,56.0,,8:27:8:32,8.0,38,,True,False
56,217,7,AST,0,,8.0,4,2.0,56.0,,8:18:8:37,8.0,38,,True,False
56,218,7,AST,30,,8.0,24,0.0,56.0,,8:33:8:36,8.0,38,,True,False
56,2103,0,AST,30,,8.0,131,1.0,56.0,,8:38:8:44,8.0,38,,True,False
56,2135,0,AST,0,,8.0,10,2.0,56.0,,8:18:8:48,8.0,38,,True,False
56,2165,0,AST,20,UNARY_MINUS,8.0,21,0.0,56.0,,8:45:8:47,8.0,38,,True,False
56,231,0,AST,28,,8.0,26,0.0,56.0,,8:46:8:47,8.0,38,,True,False
61,62,7,AST,28,,8.0,25,1.0,56.0,,8:49:8:50,8.0,38,,True,False
61,66,7,AST,30,,8.0,132,1.0,56.0,,8:52:8:57,8.0,38,,True,False
61,70,7,AST,0,,8.0,2,2.0,56.0,,8:18:8:62,8.0,38,,True,False
62,63,7,AST,30,,8.0,22,0.0,56.0,,8:58:8:61,8.0,38,,True,False
62,64,7,AST,28,,8.0,25,1.0,56.0,,8:63:8:64,8.0,38,,True,False
62,65,7,AST,5,,10.0,149,1.0,56.0,,10:4:24:6,24.0,38,compile and,True,False
66,67,7,AST,13,NAME_NOT_FQ,10.0,149,0.0,56.0,,10:4:24:6,24.0,38,,True,False
66,68,7,AST,30,,10.0,66,0.0,56.0,,10:4:10:8,10.0,38,,True,False
66,69,7,AST,0,,10.0,149,1.0,56.0,,10:4:24:6,24.0,38,,True,False
70,71,7,AST,4,BINARY_ADD,10.0,31,0.0,56.0,,10:9:10:67,10.0,38,,True,False
70,72,7,AST,4,BINARY_ADD,10.0,30,0.0,56.0,,10:9:10:56,10.0,38,,True,False
70,73,7,AST,4,BINARY_ADD,10.0,29,0.0,56.0,,10:9:10:50,10.0,38,,True,False
75,76,7,AST,30,,10.0,90,0.0,56.0,,10:9:10:38,10.0,38,,True,False
75,98,7,AST,21,,10.0,149,1.0,56.0,,10:41:10:50,10.0,38,,True,False
76,77,7,AST,30,,10.0,60,0.0,56.0,,10:41:10:50,10.0,11,,True,False
76,79,7,AST,30,,10.0,0,1.0,56.0,,10:53:10:56,10.0,38,,True,False
76,2087,5,AST,21,,10.0,149,1.0,56.0,,10:59:10:67,10.0,38,,True,False
76,2105,4,AST,30,,10.0,133,0.0,56.0,,10:59:10:67,10.0,32,,True,False
76,625,5,AST,6,,10.0,149,1.0,56.0,,10:69:24:5,24.0,38,,True,False
76,625,5,Artificial,23,,-1.0,149,-1.0,111.0,,,-1.0,38,,True,False
76,625,5,Artificial,24,,-1.0,149,-1.0,111.0,,,-1.0,38,,True,False
76,2137,4,AST,30,,10.0,148,0.0,111.0,,10::10:,-1.0,38,,True,False
76,2167,4,AST,31,,10.0,149,1.0,111.0,,10::10:,-1.0,38,,True,False
76,1771,5,AST,15,,10.0,65,2.0,111.0,,10:69:24:5,24.0,38,,True,False
76,1771,5,AST,14,,10.0,63,0.0,111.0,,10::10:,-1.0,38,,True,False
76,98,4,AST,31,,10.0,37,0.0,111.0,,10::10:,-1.0,38,,True,False
77,78,7,AST,30,,10.0,63,1.0,111.0,,10:70:10:73,10.0,38,,True,False
79,80,7,AST,31,,10.0,37,2.0,111.0,,10::10:,-1.0,38,,True,False
79,97,7,AST,14,,10.0,142,1.0,111.0,,10::10:,-1.0,38,,True,False
80,81,7,AST,31,,10.0,37,0.0,111.0,,10::10:,-1.0,38,,True,False
80,94,7,AST,30,,10.0,142,1.0,111.0,,10:74:10:80,10.0,38,,True,False
80,95,7,AST,31,,10.0,37,2.0,111.0,,10::10:,-1.0,38,,True,False
81,82,7,AST,14,,10.0,140,2.0,111.0,,10::10:,-1.0,38,,True,False
81,93,7,AST,31,,10.0,37,0.0,111.0,,10::10:,-1.0,38,,True,False
82,83,7,AST,30,,10.0,140,1.0,111.0,,10:81:10:87,10.0,38,,True,False
82,89,7,AST,31,,10.0,37,2.0,111.0,,10::10:,-1.0,38,,True,False
82,90,7,AST,31,,10.0,149,3.0,111.0,,10::10:,-1.0,38,,True,False
83,84,7,AST,18,,10.0,149,4.0,111.0,,10:92:24:5,24.0,38,,True,False
83,86,7,AST,10,,11.0,149,0.0,111.0,,11:8:23:9,23.0,38,,True,False
83,87,7,AST,11,,11.0,149,0.0,111.0,,11:8:23:9,23.0,38,,True,False
84,85,7,AST,21,,11.0,149,0.0,111.0,,11:12:11:15,11.0,38,,True,False
87,88,7,AST,30,,11.0,63,0.0,111.0,,11:12:11:15,11.0,13,,True,False
90,91,7,AST,18,,11.0,149,1.0,111.0,,11:17:13:9,13.0,38,,True,False
91,92,7,AST,5,,12.0,44,0.0,111.0,,12:12:12:51,12.0,38,,True,False
95,96,7,AST,13,NAME_NOT_FQ,12.0,149,0.0,111.0,,12:12:12:51,12.0,38,,True,False
98,99,7,AST,30,,12.0,42,0.0,111.0,,12:12:12:20,12.0,38,,True,False
98,101,7,AST,0,,12.0,12,1.0,111.0,,12:12:12:51,12.0,38,,True,False
98,1870,5,AST,28,,12.0,26,0.0,111.0,,12:21:12:22,12.0,38,,True,False
98,2090,5,AST,8,,12.0,33,1.0,111.0,,12:23:12:50,12.0,38,,True,False
98,2087,5,AST,30,,12.0,91,0.0,111.0,,12:23:12:45,12.0,38,,True,False
98,242,4,AST,21,,12.0,149,1.0,111.0,,12:45:12:48,12.0,38,,True,False
98,259,6,AST,30,,12.0,63,0.0,111.0,,12:45:12:48,12.0,13,,True,False
98,232,4,AST,30,,12.0,149,2.0,111.0,,12:48:12:50,12.0,38,,True,False
99,100,7,AST,11,,11.0,149,1.0,111.0,,11:8:23:9,23.0,38,,True,False
101,102,7,AST,31,,11.0,149,0.0,111.0,,11::11:,-1.0,38,,True,False
101,111,7,AST,18,,13.0,149,1.0,111.0,,13:13:23:9,23.0,38,,True,False
102,103,7,AST,5,,15.0,149,0.0,111.0,,15:12:22:14,22.0,38,compile second time to fit the usage,True,False
102,109,7,AST,13,NAME_NOT_FQ,15.0,149,0.0,111.0,,15:12:22:14,22.0,38,,True,False
103,104,7,AST,30,,15.0,66,0.0,111.0,,15:12:15:16,15.0,38,,True,False
103,108,7,AST,0,,15.0,149,1.0,111.0,,15:12:22:14,22.0,38,,True,False
104,105,7,AST,4,BINARY_ADD,15.0,31,0.0,111.0,,15:17:15:75,15.0,38,,True,False
104,106,7,AST,4,BINARY_ADD,15.0,30,0.0,111.0,,15:17:15:64,15.0,38,,True,False
106,107,7,AST,4,BINARY_ADD,15.0,29,0.0,111.0,,15:17:15:58,15.0,38,,True,False
109,110,7,AST,30,,15.0,90,0.0,111.0,,15:17:15:46,15.0,38,,True,False
111,112,1,AST,21,,15.0,149,1.0,111.0,,15:49:15:58,15.0,38,,True,False
111,113,2,AST,30,,15.0,60,0.0,111.0,,15:49:15:58,15.0,11,,True,False
111,114,7,AST,30,,15.0,0,1.0,111.0,,15:61:15:64,15.0,38,,True,False
111,115,7,AST,21,,15.0,149,1.0,111.0,,15:67:15:75,15.0,38,,True,False
111,116,7,AST,30,,15.0,133,0.0,111.0,,15:67:15:75,15.0,32,,True,False
111,129,7,AST,6,,15.0,149,1.0,111.0,,15:77:22:13,22.0,38,,True,False
111,130,7,Artificial,23,,-1.0,149,-1.0,162.0,,,-1.0,38,,True,False
111,215,7,Artificial,24,,-1.0,149,-1.0,162.0,,,-1.0,38,,True,False
111,216,7,AST,30,,15.0,148,0.0,162.0,,15::15:,-1.0,38,,True,False
116,117,7,AST,31,,15.0,149,1.0,162.0,,15::15:,-1.0,38,,True,False
116,121,7,AST,15,,15.0,65,2.0,162.0,,15:77:22:13,22.0,38,,True,False
116,125,7,AST,14,,15.0,63,0.0,162.0,,15::15:,-1.0,38,,True,False
117,118,7,AST,31,,15.0,37,0.0,162.0,,15::15:,-1.0,38,,True,False
117,119,7,AST,30,,15.0,63,1.0,162.0,,15:78:15:81,15.0,38,,True,False
117,120,7,AST,31,,15.0,37,2.0,162.0,,15::15:,-1.0,38,,True,False
121,122,7,AST,14,,15.0,142,1.0,162.0,,15::15:,-1.0,38,,True,False
121,123,7,AST,31,,15.0,37,0.0,162.0,,15::15:,-1.0,38,,True,False
121,124,7,AST,30,,15.0,142,1.0,162.0,,15:82:15:88,15.0,38,,True,False
125,126,7,AST,31,,15.0,37,2.0,162.0,,15::15:,-1.0,38,,True,False
125,127,7,AST,14,,15.0,140,2.0,162.0,,15::15:,-1.0,38,,True,False
125,128,7,AST,31,,15.0,37,0.0,162.0,,15::15:,-1.0,38,,True,False
130,131,7,AST,30,,15.0,140,1.0,162.0,,15:89:15:95,15.0,38,,True,False
131,132,7,AST,31,,15.0,37,2.0,162.0,,15::15:,-1.0,38,,True,False
131,146,7,AST,31,,15.0,149,3.0,162.0,,15::15:,-1.0,38,,True,False
132,133,7,AST,18,,15.0,149,4.0,162.0,,15:100:22:13,22.0,38,,True,False
132,135,7,AST,10,,16.0,149,0.0,162.0,,16:16:21:17,21.0,38,,True,False
133,134,7,AST,11,,16.0,149,0.0,162.0,,16:16:21:17,21.0,38,,True,False
135,136,7,AST,21,,16.0,149,0.0,162.0,,16:20:16:23,16.0,38,,True,False
136,137,7,AST,30,,16.0,63,0.0,162.0,,16:20:16:23,16.0,13,,True,False
136,139,7,AST,18,,16.0,149,1.0,162.0,,16:25:18:17,18.0,38,,True,False
137,138,7,AST,5,,17.0,45,0.0,162.0,,17:20:17:59,17.0,38,,True,False
139,140,7,AST,13,NAME_NOT_FQ,17.0,149,0.0,162.0,,17:20:17:59,17.0,38,,True,False
139,141,7,AST,30,,17.0,42,0.0,162.0,,17:20:17:28,17.0,38,,True,False
141,142,7,AST,0,,17.0,13,1.0,162.0,,17:20:17:59,17.0,38,,True,False
141,143,7,AST,28,,17.0,26,0.0,162.0,,17:29:17:30,17.0,38,,True,False
141,145,7,AST,8,,17.0,34,1.0,162.0,,17:31:17:58,17.0,38,,True,False
143,144,7,AST,30,,17.0,92,0.0,162.0,,17:31:17:53,17.0,38,,True,False
146,147,7,AST,21,,17.0,149,1.0,162.0,,17:53:17:56,17.0,38,,True,False
146,148,7,AST,30,,17.0,63,0.0,162.0,,17:53:17:56,17.0,13,,True,False
148,149,7,AST,30,,17.0,149,2.0,162.0,,17:56:17:58,17.0,38,,True,False
149,150,7,AST,11,,16.0,149,1.0,162.0,,16:16:21:17,21.0,38,,True,False
149,152,7,AST,31,,16.0,149,0.0,162.0,,16::16:,-1.0,38,,True,False
150,151,7,AST,18,,19.0,149,1.0,162.0,,19:20:21:17,21.0,38,,True,False
152,153,7,AST,5,,20.0,43,0.0,162.0,,20:20:20:119,20.0,38,,True,False
152,162,7,AST,13,NAME_NOT_FQ,20.0,149,0.0,162.0,,20:20:20:119,20.0,38,,True,False
153,154,7,AST,30,,20.0,42,0.0,162.0,,20:20:20:28,20.0,38,,True,False
153,160,7,AST,0,,20.0,11,1.0,162.0,,20:20:20:119,20.0,38,,True,False
154,155,7,AST,28,,20.0,25,0.0,162.0,,20:29:20:30,20.0,38,,True,False
154,159,7,AST,8,,20.0,32,1.0,162.0,,20:31:20:118,20.0,38,,True,False
155,156,7,AST,30,,20.0,28,0.0,162.0,,20:31:20:73,20.0,38,,True,False
155,157,7,AST,21,,20.0,149,1.0,162.0,,20:73:20:81,20.0,38,,True,False
157,158,7,AST,30,,20.0,133,0.0,162.0,,20:73:20:81,20.0,32,,True,False
160,161,7,AST,30,,20.0,20,2.0,162.0,,20:81:20:106,20.0,38,,True,False
162,163,1,AST,21,,20.0,149,3.0,162.0,,20:106:20:115,20.0,38,,True,False
162,164,2,AST,30,,20.0,60,0.0,162.0,,20:106:20:115,20.0,11,,True,False
162,165,7,AST,30,,20.0,1,4.0,162.0,,20:115:20:118,20.0,38,,True,False
162,166,7,AST,31,,15.0,149,5.0,162.0,,15::15:,-1.0,38,,True,False
162,167,7,AST,31,,15.0,149,6.0,162.0,,15::15:,-1.0,38,,True,False
162,180,7,AST,31,,10.0,149,5.0,111.0,,10::10:,-1.0,38,,True,False
162,181,7,AST,31,,10.0,149,6.0,111.0,,10::10:,-1.0,38,,True,False
162,213,7,AST,31,,6.0,149,5.0,56.0,,6::6:,-1.0,38,,True,False
162,214,7,AST,31,,6.0,149,6.0,56.0,,6::6:,-1.0,38,,True,False
167,168,7,AST,3,,27.0,79,5.0,14.0,,27::27:26,27.0,38,,True,False
167,172,7,AST,16,,27.0,78,0.0,14.0,,27::27:14,27.0,38,,True,False
167,176,7,AST,21,,27.0,149,0.0,14.0,,27::27:6,27.0,38,,True,False
168,169,7,AST,30,,27.0,77,0.0,14.0,,27::27:6,27.0,21,,True,False
168,170,7,AST,30,,27.0,69,1.0,14.0,,27:7:27:14,27.0,38,,True,False
168,171,7,AST,21,,27.0,149,1.0,14.0,,27:17:27:26,27.0,38,,True,False
172,173,7,AST,30,,27.0,112,0.0,14.0,,27:17:27:26,27.0,28,,True,False
172,174,7,Filesystem,25,,-1.0,149,-1.0,,,,-1.0,0,,True,False
172,175,7,AST,19,TOPLEVEL_FILE,1.0,149,-1.0,,,1::44:1,44.0,0,,True,False
176,177,7,Artificial,23,,-1.0,149,-1.0,227.0,,,-1.0,0,,True,False
176,178,7,Artificial,24,,-1.0,149,-1.0,227.0,,,-1.0,0,,True,False
176,179,7,AST,18,,1.0,149,0.0,227.0,,1::44:1,44.0,38,,True,False
181,182,7,AST,9,,1.0,66,0.0,227.0,,1::9:1,9.0,38,,True,False
182,183,7,Artificial,23,,-1.0,149,-1.0,231.0,,,-1.0,38,,True,False
182,197,7,Artificial,24,,-1.0,149,-1.0,231.0,,,-1.0,38,,True,False
183,184,7,AST,30,,1.0,66,0.0,231.0,,1:9:1:13,1.0,38,,True,False
183,186,7,AST,31,,1.0,149,1.0,231.0,,1::1:,-1.0,38,,True,False
184,185,7,AST,15,,1.0,55,2.0,231.0,,1::9:1,9.0,38,,True,False
186,187,7,AST,14,,1.0,54,0.0,231.0,,1::1:,-1.0,38,,True,False
187,188,7,AST,31,,1.0,37,0.0,231.0,,1::1:,-1.0,38,,True,False
187,190,7,AST,30,,1.0,54,1.0,231.0,,1:14:1:21,1.0,38,,True,False
188,189,7,AST,31,,1.0,37,2.0,231.0,,1::1:,-1.0,38,,True,False
190,191,7,AST,18,,1.0,149,3.0,231.0,,1:58:9:1,9.0,38,,True,False
190,192,7,AST,3,,2.0,64,0.0,231.0,,2:6:2:17,2.0,38,,True,False
192,193,7,AST,21,JS_DECL_VAR,2.0,149,0.0,231.0,,2:6:2:9,2.0,38,,True,False
192,194,7,AST,30,,2.0,63,0.0,231.0,,2:6:2:9,2.0,13,,True,False
192,196,7,AST,30,,2.0,63,1.0,231.0,,2:12:2:17,2.0,38,,True,False
194,195,7,AST,3,,3.0,143,1.0,231.0,,3:6:3:23,3.0,38,,True,False
197,198,7,AST,21,JS_DECL_VAR,3.0,149,0.0,231.0,,3:6:3:12,3.0,38,,True,False
197,199,7,AST,30,,3.0,142,0.0,231.0,,3:6:3:12,3.0,35,,True,False
199,200,7,AST,30,,3.0,142,1.0,231.0,,3:15:3:23,3.0,38,,True,False
200,201,7,AST,3,,4.0,141,2.0,231.0,,4:6:4:23,4.0,38,,True,False
200,203,7,AST,21,JS_DECL_VAR,4.0,149,0.0,231.0,,4:6:4:12,4.0,38,,True,False
201,202,7,AST,30,,4.0,140,0.0,231.0,,4:6:4:12,4.0,33,,True,False
203,204,7,AST,30,,4.0,140,1.0,231.0,,4:15:4:23,4.0,38,,True,False
203,205,7,AST,3,,5.0,115,3.0,231.0,,5:6:5:20,5.0,38,,True,False
205,206,7,AST,21,JS_DECL_VAR,5.0,149,0.0,231.0,,5:6:5:10,5.0,38,,True,False
205,207,7,AST,30,,5.0,114,0.0,231.0,,5:6:5:10,5.0,29,,True,False
205,209,7,AST,21,,5.0,149,1.0,231.0,,5:13:5:20,5.0,38,,True,False
205,210,7,AST,30,,5.0,54,0.0,231.0,,5:13:5:20,5.0,9,,True,False
205,212,7,AST,5,,6.0,117,4.0,231.0,,6:2:6:28,6.0,38,,True,False
207,208,7,AST,13,NAME_NOT_FQ,6.0,149,0.0,231.0,,6:2:6:28,6.0,38,,True,False
210,211,7,AST,30,,6.0,116,0.0,231.0,,6:2:6:22,6.0,38,,True,False
219,220,7,AST,0,,6.0,19,1.0,231.0,,6:2:6:28,6.0,38,,True,False
219,224,7,AST,21,,6.0,149,0.0,231.0,,6:23:6:27,6.0,38,,True,False
219,2072,5,AST,30,,6.0,114,0.0,231.0,,6:23:6:27,6.0,29,,True,False
219,2072,5,AST,5,,7.0,48,5.0,231.0,,7:2:7:32,7.0,38,,True,False
219,1830,5,AST,13,NAME_NOT_FQ,7.0,149,0.0,231.0,,7:2:7:32,7.0,38,,True,False
219,1830,5,AST,30,,7.0,47,0.0,231.0,,7:2:7:11,7.0,38,,True,False
219,1834,5,AST,0,,7.0,16,1.0,231.0,,7:2:7:32,7.0,38,,True,False
219,1834,5,AST,21,,7.0,149,0.0,231.0,,7:12:7:15,7.0,38,,True,False
219,76,4,AST,30,,7.0,63,0.0,231.0,,7:12:7:15,7.0,13,,True,False
220,221,7,AST,21,,7.0,149,1.0,231.0,,7:17:7:23,7.0,38,,True,False
220,223,7,AST,30,,7.0,142,0.0,231.0,,7:17:7:23,7.0,35,,True,False
221,222,7,AST,21,,7.0,149,2.0,231.0,,7:25:7:31,7.0,38,,True,False
224,225,7,AST,30,,7.0,140,0.0,231.0,,7:25:7:31,7.0,33,,True,False
226,227,3,AST,5,,8.0,50,6.0,231.0,,8:2:8:32,8.0,38,,True,False
227,228,1,AST,13,NAME_NOT_FQ,8.0,149,0.0,231.0,,8:2:8:32,8.0,38,,True,False
227,229,2,AST,30,,8.0,49,0.0,231.0,,8:2:8:11,8.0,38,,True,False
227,230,7,AST,0,,8.0,16,1.0,231.0,,8:2:8:32,8.0,38,,True,False
230,231,7,AST,21,,8.0,149,0.0,231.0,,8:12:8:15,8.0,38,,True,False
230,287,7,AST,30,,8.0,63,0.0,231.0,,8:12:8:15,8.0,13,,True,False
230,333,7,AST,21,,8.0,149,1.0,231.0,,8:17:8:23,8.0,38,,True,False
230,379,7,AST,30,,8.0,142,0.0,231.0,,8:17:8:23,8.0,35,,True,False
230,398,7,AST,21,,8.0,149,2.0,231.0,,8:25:8:31,8.0,38,,True,False
230,417,7,AST,30,,8.0,140,0.0,231.0,,8:25:8:31,8.0,33,,True,False
231,232,1,AST,31,,1.0,149,4.0,231.0,,1::1:,-1.0,38,,True,False
231,233,2,AST,31,,1.0,149,5.0,231.0,,1::1:,-1.0,38,,True,False
231,234,7,AST,9,,11.0,68,1.0,227.0,,11::18:1,18.0,38,,True,False
231,235,7,Artificial,23,,-1.0,149,-1.0,287.0,,,-1.0,38,,True,False
231,236,7,Artificial,24,,-1.0,149,-1.0,287.0,,,-1.0,38,,True,False
231,241,7,AST,30,,11.0,68,0.0,287.0,,11:9:11:17,11.0,38,,True,False
231,285,7,AST,31,,11.0,149,1.0,287.0,,11::11:,-1.0,38,,True,False
231,286,7,AST,15,,11.0,55,2.0,287.0,,11::18:1,18.0,38,,True,False
231,287,4,AST,14,,11.0,54,0.0,287.0,,11::11:,-1.0,38,,True,False
231,2244,0,AST,31,,11.0,37,0.0,287.0,,11::11:,-1.0,38,,True,False
231,2272,0,AST,30,,11.0,54,1.0,287.0,,11:18:11:25,11.0,38,,True,False
231,2298,0,AST,31,,11.0,37,2.0,287.0,,11::11:,-1.0,38,,True,False
233,98,4,AST,18,,11.0,149,3.0,287.0,,11:62:18:1,18.0,38,,True,False
236,237,7,AST,3,,12.0,64,0.0,287.0,,12:6:12:17,12.0,38,,True,False
237,238,7,AST,21,JS_DECL_VAR,12.0,149,0.0,287.0,,12:6:12:9,12.0,38,,True,False
237,239,7,AST,30,,12.0,63,0.0,287.0,,12:6:12:9,12.0,13,,True,False
237,240,7,AST,30,,12.0,63,1.0,287.0,,12:12:12:17,12.0,38,,True,False
241,242,7,AST,3,,13.0,143,1.0,287.0,,13:6:13:23,13.0,38,,True,False
241,246,7,AST,21,JS_DECL_VAR,13.0,149,0.0,287.0,,13:6:13:12,13.0,38,,True,False
241,250,7,AST,30,,13.0,142,0.0,287.0,,13:6:13:12,13.0,35,,True,False
241,254,7,AST,30,,13.0,142,1.0,287.0,,13:15:13:23,13.0,38,,True,False
241,259,7,AST,3,,14.0,141,2.0,287.0,,14:6:14:23,14.0,38,,True,False
241,265,7,AST,21,JS_DECL_VAR,14.0,149,0.0,287.0,,14:6:14:12,14.0,38,,True,False
241,275,7,AST,30,,14.0,140,0.0,287.0,,14:6:14:12,14.0,33,,True,False
242,243,7,AST,30,,14.0,140,1.0,287.0,,14:15:14:23,14.0,38,,True,False
242,245,7,AST,3,,15.0,115,3.0,287.0,,15:6:15:20,15.0,38,,True,False
242,1771,5,AST,21,JS_DECL_VAR,15.0,149,0.0,287.0,,15:6:15:10,15.0,38,,True,False
242,1771,5,AST,30,,15.0,114,0.0,287.0,,15:6:15:10,15.0,29,,True,False
242,246,4,AST,21,,15.0,149,1.0,287.0,,15:13:15:20,15.0,38,,True,False
242,265,6,AST,30,,15.0,54,0.0,287.0,,15:13:15:20,15.0,9,,True,False
242,275,6,AST,5,,16.0,121,4.0,287.0,,16:2:16:32,16.0,38,,True,False
243,244,7,AST,13,NAME_NOT_FQ,16.0,149,0.0,287.0,,16:2:16:32,16.0,38,,True,False
246,247,7,AST,30,,16.0,120,0.0,287.0,,16:2:16:26,16.0,38,,True,False
246,249,7,AST,0,,16.0,19,1.0,287.0,,16:2:16:32,16.0,38,,True,False
246,1771,5,AST,21,,16.0,149,0.0,287.0,,16:27:16:31,16.0,38,,True,False
246,1771,5,AST,30,,16.0,114,0.0,287.0,,16:27:16:31,16.0,29,,True,False
246,250,4,AST,5,,17.0,46,5.0,287.0,,17:2:17:31,17.0,38,,True,False
246,265,6,AST,13,NAME_NOT_FQ,17.0,149,0.0,287.0,,17:2:17:31,17.0,38,,True,False
246,275,6,AST,30,,17.0,42,0.0,287.0,,17:2:17:10,17.0,38,,True,False
247,248,7,AST,0,,17.0,16,1.0,287.0,,17:2:17:31,17.0,38,,True,False
250,251,7,AST,21,,17.0,149,0.0,287.0,,17:11:17:14,17.0,38,,True,False
250,253,7,AST,30,,17.0,63,0.0,287.0,,17:11:17:14,17.0,13,,True,False
250,1771,5,AST,21,,17.0,149,1.0,287.0,,17:16:17:22,17.0,38,,True,False
250,1771,5,AST,30,,17.0,142,0.0,287.0,,17:16:17:22,17.0,35,,True,False
250,254,4,AST,21,,17.0,149,2.0,287.0,,17:24:17:30,17.0,38,,True,False
250,265,6,AST,30,,17.0,140,0.0,287.0,,17:24:17:30,17.0,33,,True,False
250,275,6,AST,31,,11.0,149,4.0,287.0,,11::11:,-1.0,38,,True,False
251,252,7,AST,31,,11.0,149,5.0,287.0,,11::11:,-1.0,38,,True,False
254,255,7,AST,9,,20.0,67,2.0,227.0,,20::27:1,27.0,38,,True,False
254,257,7,Artificial,23,,-1.0,149,-1.0,333.0,,,-1.0,38,,True,False
254,2211,5,Artificial,24,,-1.0,149,-1.0,333.0,,,-1.0,38,,True,False
254,1771,5,AST,30,,20.0,67,0.0,333.0,,20:9:20:17,20.0,38,,True,False
254,1771,5,AST,31,,20.0,149,1.0,333.0,,20::20:,-1.0,38,,True,False
254,259,4,AST,15,,20.0,56,2.0,333.0,,20::27:1,27.0,38,,True,False
255,256,7,AST,14,,20.0,54,0.0,333.0,,20::20:,-1.0,38,,True,False
257,258,7,AST,31,,20.0,37,0.0,333.0,,20::20:,-1.0,38,,True,False
259,260,7,AST,30,,20.0,54,1.0,333.0,,20:18:20:25,20.0,38,,True,False
259,262,7,AST,31,,20.0,37,2.0,333.0,,20::20:,-1.0,38,,True,False
259,2211,5,AST,18,,20.0,149,3.0,333.0,,20:79:27:1,27.0,38,,True,False
259,2246,4,AST,3,,21.0,64,0.0,333.0,,21:6:21:17,21.0,38,,True,False
259,265,4,AST,21,JS_DECL_VAR,21.0,149,0.0,333.0,,21:6:21:9,21.0,38,,True,False
260,261,7,AST,30,,21.0,63,0.0,333.0,,21:6:21:9,21.0,13,,True,False
262,263,7,AST,30,,21.0,63,1.0,333.0,,21:12:21:17,21.0,38,,True,False
263,264,7,AST,3,,22.0,143,1.0,333.0,,22:6:22:23,22.0,38,,True,False
265,266,7,AST,21,JS_DECL_VAR,22.0,149,0.0,333.0,,22:6:22:12,22.0,38,,True,False
265,268,7,AST,30,,22.0,142,0.0,333.0,,22:6:22:12,22.0,35,,True,False
265,2228,5,AST,30,,22.0,142,1.0,333.0,,22:15:22:23,22.0,38,,True,False
265,2233,5,AST,3,,23.0,141,2.0,333.0,,23:6:23:23,23.0,38,,True,False
265,2238,5,AST,21,JS_DECL_VAR,23.0,149,0.0,333.0,,23:6:23:12,23.0,38,,True,False
265,2274,4,AST,30,,23.0,140,0.0,333.0,,23:6:23:12,23.0,33,,True,False
265,275,4,AST,30,,23.0,140,1.0,333.0,,23:15:23:23,23.0,38,,True,False
266,267,7,AST,3,,24.0,115,3.0,333.0,,24:6:24:20,24.0,38,,True,False
268,269,7,AST,21,JS_DECL_VAR,24.0,149,0.0,333.0,,24:6:24:10,24.0,38,,True,False
268,271,7,AST,30,,24.0,114,0.0,333.0,,24:6:24:10,24.0,29,,True,False
268,273,7,AST,21,,24.0,149,1.0,333.0,,24:13:24:20,24.0,38,,True,False
269,270,7,AST,30,,24.0,54,0.0,333.0,,24:13:24:20,24.0,9,,True,False
271,272,7,AST,5,,25.0,119,4.0,333.0,,25:2:25:32,25.0,38,,True,False
273,274,7,AST,13,NAME_NOT_FQ,25.0,149,0.0,333.0,,25:2:25:32,25.0,38,,True,False
275,276,7,AST,30,,25.0,118,0.0,333.0,,25:2:25:26,25.0,38,,True,False
275,278,7,AST,0,,25.0,19,1.0,333.0,,25:2:25:32,25.0,38,,True,False
275,2228,5,AST,21,,25.0,149,0.0,333.0,,25:27:25:31,25.0,38,,True,False
275,2233,5,AST,30,,25.0,114,0.0,333.0,,25:27:25:31,25.0,29,,True,False
275,2238,5,AST,5,,26.0,46,5.0,333.0,,26:2:26:31,26.0,38,,True,False
275,2300,4,AST,13,NAME_NOT_FQ,26.0,149,0.0,333.0,,26:2:26:31,26.0,38,,True,False
276,277,7,AST,30,,26.0,42,0.0,333.0,,26:2:26:10,26.0,38,,True,False
278,279,7,AST,0,,26.0,16,1.0,333.0,,26:2:26:31,26.0,38,,True,False
278,281,7,AST,21,,26.0,149,0.0,333.0,,26:11:26:14,26.0,38,,True,False
278,283,7,AST,30,,26.0,63,0.0,333.0,,26:11:26:14,26.0,13,,True,False
279,280,7,AST,21,,26.0,149,1.0,333.0,,26:16:26:22,26.0,38,,True,False
281,282,7,AST,30,,26.0,142,0.0,333.0,,26:16:26:22,26.0,35,,True,False
283,284,7,AST,21,,26.0,149,2.0,333.0,,26:24:26:30,26.0,38,,True,False
287,288,1,AST,30,,26.0,140,0.0,333.0,,26:24:26:30,26.0,33,,True,False
287,289,2,AST,31,,20.0,149,4.0,333.0,,20::20:,-1.0,38,,True,False
287,290,7,AST,31,,20.0,149,5.0,333.0,,20::20:,-1.0,38,,True,False
287,291,7,AST,9,,29.0,129,3.0,227.0,,29::31:1,31.0,38,,True,False
287,292,7,Artificial,23,,-1.0,149,-1.0,379.0,,,-1.0,38,,True,False
287,297,7,Artificial,24,,-1.0,149,-1.0,379.0,,,-1.0,38,,True,False
287,331,7,AST,30,,29.0,129,0.0,379.0,,29:9:29:14,29.0,38,,True,False
287,332,7,AST,31,,29.0,149,1.0,379.0,,29::29:,-1.0,38,,True,False
287,333,4,AST,15,,29.0,55,2.0,379.0,,29::31:1,31.0,38,,True,False
292,293,7,AST,14,,29.0,54,0.0,379.0,,29::29:,-1.0,38,,True,False
293,294,7,AST,31,,29.0,37,0.0,379.0,,29::29:,-1.0,38,,True,False
293,295,7,AST,30,,29.0,54,1.0,379.0,,29:15:29:22,29.0,38,,True,False
293,296,7,AST,31,,29.0,37,2.0,379.0,,29::29:,-1.0,38,,True,False
297,298,7,AST,18,,29.0,149,3.0,379.0,,29:59:31:1,31.0,38,,True,False
297,302,7,AST,5,,30.0,126,0.0,379.0,,30:2:30:32,30.0,38,,True,False
297,306,7,AST,13,NAME_NOT_FQ,30.0,149,0.0,379.0,,30:2:30:32,30.0,38,,True,False
297,310,7,AST,30,,30.0,125,0.0,379.0,,30:2:30:23,30.0,38,,True,False
297,315,7,AST,0,,30.0,15,1.0,379.0,,30:2:30:32,30.0,38,,True,False
297,321,7,AST,21,,30.0,149,0.0,379.0,,30:24:30:31,30.0,38,,True,False
298,299,7,AST,30,,30.0,54,0.0,379.0,,30:24:30:31,30.0,9,,True,False
298,301,7,AST,31,,29.0,149,4.0,379.0,,29::29:,-1.0,38,,True,False
299,300,7,AST,31,,29.0,149,5.0,379.0,,29::29:,-1.0,38,,True,False
302,303,7,AST,9,,33.0,130,4.0,227.0,,33::35:1,35.0,38,,True,False
302,305,7,Artificial,23,,-1.0,149,-1.0,398.0,,,-1.0,38,,True,False
303,304,7,Artificial,24,,-1.0,149,-1.0,398.0,,,-1.0,38,,True,False
306,307,7,AST,30,,33.0,130,0.0,398.0,,33:9:33:18,33.0,38,,True,False
306,309,7,AST,31,,33.0,149,1.0,398.0,,33::33:,-1.0,38,,True,False
307,308,7,AST,15,,33.0,55,2.0,398.0,,33::35:1,35.0,38,,True,False
310,311,7,AST,14,,33.0,54,0.0,398.0,,33::33:,-1.0,38,,True,False
310,313,7,AST,31,,33.0,37,0.0,398.0,,33::33:,-1.0,38,,True,False
311,312,7,AST,30,,33.0,54,1.0,398.0,,33:19:33:26,33.0,38,,True,False
313,314,7,AST,31,,33.0,37,2.0,398.0,,33::33:,-1.0,38,,True,False
315,316,7,AST,18,,33.0,149,3.0,398.0,,33:63:35:1,35.0,38,,True,False
315,318,7,AST,5,,34.0,128,0.0,398.0,,34:2:34:36,34.0,38,,True,False
316,317,7,AST,13,NAME_NOT_FQ,34.0,149,0.0,398.0,,34:2:34:36,34.0,38,,True,False
318,319,7,AST,30,,34.0,127,0.0,398.0,,34:2:34:27,34.0,38,,True,False
319,320,7,AST,0,,34.0,15,1.0,398.0,,34:2:34:36,34.0,38,,True,False
321,322,7,AST,21,,34.0,149,0.0,398.0,,34:28:34:35,34.0,38,,True,False
321,324,7,AST,30,,34.0,54,0.0,398.0,,34:28:34:35,34.0,9,,True,False
322,323,7,AST,31,,33.0,149,4.0,398.0,,33::33:,-1.0,38,,True,False
324,325,7,AST,31,,33.0,149,5.0,398.0,,33::33:,-1.0,38,,True,False
324,327,7,AST,3,,38.0,80,5.0,227.0,,38::44:1,44.0,38,,True,False
324,329,7,AST,16,,38.0,78,0.0,227.0,,38::38:14,38.0,38,,True,False
325,326,7,AST,21,,38.0,149,0.0,227.0,,38::38:6,38.0,38,,True,False
327,328,7,AST,30,,38.0,77,0.0,227.0,,38::38:6,38.0,21,,True,False
329,330,7,AST,30,,38.0,69,1.0,227.0,,38:7:38:14,38.0,38,,True,False
333,334,1,AST,1,JS_OBJECT,38.0,149,1.0,227.0,,38:17:44:1,44.0,38,,True,False
333,335,2,AST,2,,39.0,149,0.0,227.0,,39:2:39:6,39.0,38,,True,False
333,336,7,AST,21,,39.0,149,0.0,227.0,,39:2:39:6,39.0,38,,True,False
333,337,7,AST,30,,39.0,66,0.0,227.0,,39:2:39:6,39.0,14,,True,False
333,338,7,AST,30,,39.0,66,1.0,227.0,,39:2:39:6,39.0,38,,True,False
333,343,7,AST,2,,40.0,149,1.0,227.0,,40:2:40:10,40.0,38,,True,False
333,377,7,AST,21,,40.0,149,0.0,227.0,,40:2:40:10,40.0,38,,True,False
333,378,7,AST,30,,40.0,67,0.0,227.0,,40:2:40:10,40.0,15,,True,False
333,379,4,AST,30,,40.0,67,1.0,227.0,,40:2:40:10,40.0,38,,True,False
338,339,7,AST,2,,41.0,149,2.0,227.0,,41:2:41:10,41.0,38,,True,False
339,340,7,AST,21,,41.0,149,0.0,227.0,,41:2:41:10,41.0,38,,True,False
339,341,7,AST,30,,41.0,68,0.0,227.0,,41:2:41:10,41.0,16,,True,False
339,342,7,AST,30,,41.0,68,1.0,227.0,,41:2:41:10,41.0,38,,True,False
343,344,7,AST,2,,42.0,149,3.0,227.0,,42:2:42:7,42.0,38,,True,False
343,348,7,AST,21,,42.0,149,0.0,227.0,,42:2:42:7,42.0,38,,True,False
343,352,7,AST,30,,42.0,129,0.0,227.0,,42:2:42:7,42.0,30,,True,False
343,356,7,AST,30,,42.0,129,1.0,227.0,,42:2:42:7,42.0,38,,True,False
343,361,7,AST,2,,43.0,149,4.0,227.0,,43:2:43:11,43.0,38,,True,False
343,367,7,AST,21,,43.0,149,0.0,227.0,,43:2:43:11,43.0,38,,True,False
344,345,7,AST,30,,43.0,130,0.0,227.0,,43:2:43:11,43.0,31,,True,False
344,347,7,AST,30,,43.0,130,1.0,227.0,,43:2:43:11,43.0,38,,True,False
345,346,7,Filesystem,25,,-1.0,149,-1.0,,,,-1.0,1,,True,False
348,349,7,AST,19,TOPLEVEL_FILE,1.0,149,-1.0,,,1::32:1,32.0,1,,True,False
348,351,7,Artificial,23,,-1.0,149,-1.0,444.0,,,-1.0,1,,True,False
349,350,7,Artificial,24,,-1.0,149,-1.0,444.0,,,-1.0,1,,True,False
352,353,7,AST,18,,1.0,149,0.0,444.0,,1::32:1,32.0,38,,True,False
352,355,7,AST,9,,1.0,93,0.0,444.0,,1::9:1,9.0,38,,True,False
353,354,7,Artificial,23,,-1.0,149,-1.0,448.0,,,-1.0,38,,True,False
356,357,7,Artificial,24,,-1.0,149,-1.0,448.0,,,-1.0,38,,True,False
356,359,7,AST,30,,1.0,93,0.0,448.0,,1:9:1:13,1.0,38,,True,False
357,358,7,AST,31,,1.0,149,1.0,448.0,,1::1:,-1.0,38,,True,False
359,360,7,AST,15,,1.0,36,2.0,448.0,,1::9:1,9.0,38,,True,False
361,362,7,AST,14,,1.0,35,0.0,448.0,,1::1:,-1.0,38,,True,False
361,364,7,AST,31,,1.0,37,0.0,448.0,,1::1:,-1.0,38,,True,False
362,363,7,AST,30,,1.0,35,1.0,448.0,,1:14:1:15,1.0,38,,True,False
364,365,7,AST,31,,1.0,37,2.0,448.0,,1::1:,-1.0,38,,True,False
365,366,7,AST,14,,1.0,38,1.0,448.0,,1::1:,-1.0,38,,True,False
367,368,7,AST,31,,1.0,37,0.0,448.0,,1::1:,-1.0,38,,True,False
367,370,7,AST,30,,1.0,38,1.0,448.0,,1:17:1:18,1.0,38,,True,False
368,369,7,AST,31,,1.0,37,2.0,448.0,,1::1:,-1.0,38,,True,False
370,371,7,AST,14,,1.0,40,2.0,448.0,,1::1:,-1.0,38,,True,False
370,373,7,AST,31,,1.0,37,0.0,448.0,,1::1:,-1.0,38,,True,False
370,375,7,AST,30,,1.0,40,1.0,448.0,,1:20:1:21,1.0,38,,True,False
371,372,7,AST,31,,1.0,37,2.0,448.0,,1::1:,-1.0,38,,True,False
373,374,7,AST,14,,1.0,58,3.0,448.0,,1::1:,-1.0,38,,True,False
375,376,7,AST,31,,1.0,37,0.0,448.0,,1::1:,-1.0,38,,True,False
379,380,1,AST,30,,1.0,58,1.0,448.0,,1:23:1:24,1.0,38,,True,False
379,381,2,AST,31,,1.0,37,2.0,448.0,,1::1:,-1.0,38,,True,False
379,382,7,AST,14,,1.0,61,4.0,448.0,,1::1:,-1.0,38,,True,False
379,383,7,AST,31,,1.0,37,0.0,448.0,,1::1:,-1.0,38,,True,False
379,384,7,AST,30,,1.0,61,1.0,448.0,,1:26:1:27,1.0,38,,True,False
379,389,7,AST,31,,1.0,37,2.0,448.0,,1::1:,-1.0,38,,True,False
379,396,7,AST,14,,1.0,70,5.0,448.0,,1::1:,-1.0,38,,True,False
379,397,7,AST,31,,1.0,37,0.0,448.0,,1::1:,-1.0,38,,True,False
379,398,4,AST,30,,1.0,70,1.0,448.0,,1:29:1:30,1.0,38,,True,False
384,385,7,AST,31,,1.0,37,2.0,448.0,,1::1:,-1.0,38,,True,False
385,386,7,AST,18,,1.0,149,3.0,448.0,,1:32:9:1,9.0,38,,True,False
385,387,7,AST,3,,2.0,108,0.0,448.0,,2:6:2:46,2.0,38,,True,False
385,388,7,AST,21,JS_DECL_VAR,2.0,149,0.0,448.0,,2:6:2:9,2.0,38,,True,False
389,390,7,AST,30,,2.0,107,0.0,448.0,,2:6:2:9,2.0,27,,True,False
390,391,7,AST,5,,2.0,123,1.0,448.0,,2:12:2:46,2.0,38,,True,False
390,393,7,AST,13,NAME_NOT_FQ,2.0,149,0.0,448.0,,2:12:2:46,2.0,38,,True,False
391,392,7,AST,30,,2.0,122,0.0,448.0,,2:12:2:35,2.0,38,,True,False
393,394,7,AST,0,,2.0,14,1.0,448.0,,2:12:2:46,2.0,38,,True,False
394,395,7,AST,21,,2.0,149,0.0,448.0,,2:36:2:37,2.0,38,,True,False
398,399,1,AST,30,,2.0,35,0.0,448.0,,2:36:2:37,2.0,5,,True,False
398,400,2,AST,21,,2.0,149,1.0,448.0,,2:38:2:39,2.0,38,,True,False
398,401,7,AST,30,,2.0,38,0.0,448.0,,2:38:2:39,2.0,6,,True,False
398,402,7,AST,21,,2.0,149,2.0,448.0,,2:40:2:41,2.0,38,,True,False
398,403,7,AST,30,,2.0,40,0.0,448.0,,2:40:2:41,2.0,8,,True,False
398,408,7,AST,21,,2.0,149,3.0,448.0,,2:42:2:43,2.0,38,,True,False
398,415,7,AST,30,,2.0,58,0.0,448.0,,2:42:2:43,2.0,10,,True,False
398,416,7,AST,21,,2.0,149,4.0,448.0,,2:44:2:45,2.0,38,,True,False
398,417,4,AST,30,,2.0,61,0.0,448.0,,2:44:2:45,2.0,12,,True,False
403,404,7,AST,5,,3.0,39,1.0,448.0,,3:2:3:5,3.0,38,,True,False
404,405,7,AST,13,NAME_NOT_FQ,3.0,149,0.0,448.0,,3:2:3:5,3.0,38,,True,False
404,406,7,AST,30,,3.0,38,0.0,448.0,,3:2:3:3,3.0,38,,True,False
404,407,7,AST,0,,3.0,9,1.0,448.0,,3:2:3:5,3.0,38,,True,False
408,409,7,AST,5,,4.0,41,2.0,448.0,,4:2:4:5,4.0,38,,True,False
409,410,7,AST,13,NAME_NOT_FQ,4.0,149,0.0,448.0,,4:2:4:5,4.0,38,,True,False
409,412,7,AST,30,,4.0,40,0.0,448.0,,4:2:4:3,4.0,38,,True,False
410,411,7,AST,0,,4.0,9,1.0,448.0,,4:2:4:5,4.0,38,,True,False
412,413,7,AST,5,,5.0,59,3.0,448.0,,5:2:5:5,5.0,38,,True,False
413,414,7,AST,13,NAME_NOT_FQ,5.0,149,0.0,448.0,,5:2:5:5,5.0,38,,True,False
417,418,7,AST,30,,5.0,58,0.0,448.0,,5:2:5:3,5.0,38,,True,False
417,422,7,AST,0,,5.0,9,1.0,448.0,,5:2:5:5,5.0,38,,True,False
417,1870,5,AST,5,,6.0,62,4.0,448.0,,6:2:6:5,6.0,38,,True,False
417,1902,5,AST,13,NAME_NOT_FQ,6.0,149,0.0,448.0,,6:2:6:5,6.0,38,,True,False
417,1886,5,AST,30,,6.0,61,0.0,448.0,,6:2:6:3,6.0,38,,True,False
417,1918,5,AST,0,,6.0,9,1.0,448.0,,6:2:6:5,6.0,38,,True,False
417,1934,5,AST,5,,7.0,71,5.0,448.0,,7:2:7:5,7.0,38,,True,False
417,1860,5,AST,13,NAME_NOT_FQ,7.0,149,0.0,448.0,,7:2:7:5,7.0,38,,True,False
417,1860,5,AST,30,,7.0,70,0.0,448.0,,7:2:7:3,7.0,38,,True,False
417,1864,5,AST,0,,7.0,9,1.0,448.0,,7:2:7:5,7.0,38,,True,False
417,1864,5,AST,17,,8.0,111,6.0,448.0,,8:2:8:13,8.0,38,,True,False
417,1950,5,AST,21,,8.0,149,0.0,448.0,,8:9:8:12,8.0,38,,True,False
417,29,4,AST,30,,8.0,107,0.0,448.0,,8:9:8:12,8.0,27,,True,False
418,419,7,AST,31,,1.0,149,4.0,448.0,,1::1:,-1.0,38,,True,False
418,421,7,AST,31,,1.0,149,5.0,448.0,,1::1:,-1.0,38,,True,False
419,420,7,AST,9,,11.0,94,1.0,444.0,,11::20:1,20.0,38,,True,False
422,423,7,Artificial,23,,-1.0,149,-1.0,521.0,,,-1.0,38,,True,False
422,427,7,Artificial,24,,-1.0,149,-1.0,521.0,,,-1.0,38,,True,False
422,431,7,AST,30,,11.0,94,0.0,521.0,,11:9:11:17,11.0,38,,True,False
422,435,7,AST,31,,11.0,149,1.0,521.0,,11::11:,-1.0,38,,True,False
422,439,7,AST,15,,11.0,89,2.0,521.0,,11::20:1,20.0,38,,True,False
423,424,7,AST,14,,11.0,88,0.0,521.0,,11::11:,-1.0,38,,True,False
423,426,7,AST,31,,11.0,37,0.0,521.0,,11::11:,-1.0,38,,True,False
424,425,7,AST,30,,11.0,88,1.0,521.0,,11:18:11:26,11.0,38,,True,False
427,428,7,AST,31,,11.0,37,2.0,521.0,,11::11:,-1.0,38,,True,False
427,430,7,AST,14,,11.0,82,1.0,521.0,,11::11:,-1.0,38,,True,False
428,429,7,AST,31,,11.0,37,0.0,521.0,,11::11:,-1.0,38,,True,False
431,432,7,AST,30,,11.0,82,1.0,521.0,,11:28:11:35,11.0,38,,True,False
431,434,7,AST,31,,11.0,37,2.0,521.0,,11::11:,-1.0,38,,True,False
432,433,7,AST,14,,11.0,51,2.0,521.0,,11::11:,-1.0,38,,True,False
435,436,7,AST,31,,11.0,37,0.0,521.0,,11::11:,-1.0,38,,True,False
435,438,7,AST,30,,11.0,51,1.0,521.0,,11:37:11:39,11.0,38,,True,False
436,437,7,AST,31,,11.0,37,2.0,521.0,,11::11:,-1.0,38,,True,False
439,440,7,AST,18,,11.0,149,3.0,521.0,,11:41:20:1,20.0,38,,True,False
439,442,7,AST,3,,15.0,109,0.0,521.0,,15:6:15:45,15.0,38,just build a link from pathname to cb\\nmark the path used read\\nwe need to + 'x' to generate a new obj here,True,False
440,441,7,AST,21,JS_DECL_VAR,15.0,149,0.0,521.0,,15:6:15:9,15.0,38,,True,False
443,444,3,AST,30,,15.0,107,0.0,521.0,,15:6:15:9,15.0,27,,True,False
444,445,1,AST,5,,15.0,124,1.0,521.0,,15:12:15:45,15.0,38,,True,False
444,446,2,AST,13,NAME_NOT_FQ,15.0,149,0.0,521.0,,15:12:15:45,15.0,38,,True,False
444,447,7,AST,30,,15.0,122,0.0,521.0,,15:12:15:35,15.0,38,,True,False
447,448,7,AST,0,,15.0,17,1.0,521.0,,15:12:15:45,15.0,38,,True,False
447,521,7,AST,21,,15.0,149,0.0,521.0,,15:36:15:44,15.0,38,,True,False
447,574,7,AST,30,,15.0,88,0.0,521.0,,15:36:15:44,15.0,24,,True,False
448,449,1,AST,5,,16.0,52,1.0,521.0,,16:2:16:23,16.0,38,,True,False
448,450,2,AST,13,NAME_NOT_FQ,16.0,149,0.0,521.0,,16:2:16:23,16.0,38,,True,False
448,451,7,AST,30,,16.0,51,0.0,521.0,,16:2:16:4,16.0,38,,True,False
448,452,7,AST,0,,16.0,18,1.0,521.0,,16:2:16:23,16.0,38,,True,False
448,453,7,AST,4,BINARY_IS_EQUAL,16.0,110,0.0,521.0,,16:5:16:17,16.0,38,,True,False
448,478,7,AST,21,,16.0,149,0.0,521.0,,16:5:16:8,16.0,38,,True,False
448,519,7,AST,30,,16.0,107,0.0,521.0,,16:5:16:8,16.0,27,,True,False
448,520,7,AST,30,,16.0,27,1.0,521.0,,16:12:16:17,16.0,38,,True,False
448,521,4,AST,21,,16.0,149,1.0,521.0,,16:19:16:22,16.0,38,,True,False
453,454,7,AST,30,,16.0,107,0.0,521.0,,16:19:16:22,16.0,27,,True,False
453,458,7,AST,5,,18.0,83,2.0,521.0,,18:2:18:28,18.0,38,incase options is cb,True,False
453,462,7,AST,13,NAME_NOT_FQ,18.0,149,0.0,521.0,,18:2:18:28,18.0,38,,True,False
453,466,7,AST,30,,18.0,82,0.0,521.0,,18:2:18:9,18.0,38,,True,False
453,470,7,AST,0,,18.0,18,1.0,521.0,,18:2:18:28,18.0,38,,True,False
453,474,7,AST,4,BINARY_IS_EQUAL,18.0,110,0.0,521.0,,18:10:18:22,18.0,38,,True,False
454,455,7,AST,21,,18.0,149,0.0,521.0,,18:10:18:13,18.0,38,,True,False
454,456,7,AST,30,,18.0,107,0.0,521.0,,18:10:18:13,18.0,27,,True,False
454,457,7,AST,30,,18.0,27,1.0,521.0,,18:17:18:22,18.0,38,,True,False
458,459,7,AST,21,,18.0,149,1.0,521.0,,18:24:18:27,18.0,38,,True,False
458,460,7,AST,30,,18.0,107,0.0,521.0,,18:24:18:27,18.0,27,,True,False
458,461,7,AST,17,,19.0,111,3.0,521.0,,19:2:19:13,19.0,38,,True,False
462,463,7,AST,21,,19.0,149,0.0,521.0,,19:9:19:12,19.0,38,,True,False
462,464,7,AST,30,,19.0,107,0.0,521.0,,19:9:19:12,19.0,27,,True,False
462,465,7,AST,31,,11.0,149,4.0,521.0,,11::11:,-1.0,38,,True,False
466,467,7,AST,31,,11.0,149,5.0,521.0,,11::11:,-1.0,38,,True,False
466,468,7,AST,3,,22.0,81,2.0,444.0,,22::32:1,32.0,38,,True,False
466,469,7,AST,16,,22.0,78,0.0,444.0,,22::22:14,22.0,38,,True,False
470,471,7,AST,21,,22.0,149,0.0,444.0,,22::22:6,22.0,38,,True,False
470,472,7,AST,30,,22.0,77,0.0,444.0,,22::22:6,22.0,21,,True,False
470,473,7,AST,30,,22.0,69,1.0,444.0,,22:7:22:14,22.0,38,,True,False
474,475,7,AST,1,JS_OBJECT,22.0,149,1.0,444.0,,22:17:32:1,32.0,38,,True,False
474,476,7,AST,2,,23.0,149,0.0,444.0,,23:2:23:12,23.0,38,,True,False
474,477,7,AST,21,,23.0,149,0.0,444.0,,23:8:23:12,23.0,38,,True,False
478,479,7,AST,30,,23.0,93,0.0,444.0,,23:8:23:12,23.0,25,,True,False
478,496,7,AST,30,,23.0,93,1.0,444.0,,23:2:23:6,23.0,38,,True,False
478,500,7,AST,2,,24.0,149,1.0,444.0,,24:2:24:19,24.0,38,,True,False
478,504,7,AST,21,,24.0,149,0.0,444.0,,24:11:24:19,24.0,38,,True,False
478,508,7,AST,30,,24.0,94,0.0,444.0,,24:11:24:19,24.0,26,,True,False
478,512,7,AST,30,,24.0,97,1.0,444.0,,24:2:24:9,24.0,38,,True,False
478,516,7,AST,2,,25.0,149,2.0,444.0,,25:2:25:23,25.0,38,,True,False
479,480,7,AST,21,,25.0,149,0.0,444.0,,25:15:25:23,25.0,38,,True,False
479,482,7,AST,30,,25.0,94,0.0,444.0,,25:15:25:23,25.0,26,,True,False
480,481,7,AST,30,,25.0,98,1.0,444.0,,25:2:25:13,25.0,38,,True,False
482,483,7,AST,2,,26.0,149,3.0,444.0,,26:2:26:20,26.0,38,,True,False
482,485,7,AST,21,,26.0,149,0.0,444.0,,26:12:26:20,26.0,38,,True,False
483,484,7,AST,30,,26.0,94,0.0,444.0,,26:12:26:20,26.0,26,,True,False
485,486,7,AST,30,,26.0,94,1.0,444.0,,26:2:26:10,26.0,38,,True,False
485,488,7,AST,2,,27.0,149,4.0,444.0,,27:2:27:24,27.0,38,,True,False
485,490,7,AST,21,,27.0,149,0.0,444.0,,27:16:27:24,27.0,38,,True,False
485,492,7,AST,30,,27.0,94,0.0,444.0,,27:16:27:24,27.0,26,,True,False
485,494,7,AST,30,,27.0,95,1.0,444.0,,27:2:27:14,27.0,38,,True,False
486,487,7,AST,2,,28.0,149,5.0,444.0,,28:2:28:16,28.0,38,,True,False
488,489,7,AST,21,,28.0,149,0.0,444.0,,28:12:28:16,28.0,38,,True,False
490,491,7,AST,30,,28.0,93,0.0,444.0,,28:12:28:16,28.0,25,,True,False
492,493,7,AST,30,,28.0,99,1.0,444.0,,28:2:28:10,28.0,38,,True,False
494,495,7,AST,2,,29.0,149,6.0,444.0,,29:2:29:20,29.0,38,,True,False
496,497,7,AST,21,,29.0,149,0.0,444.0,,29:16:29:20,29.0,38,,True,False
496,499,7,AST,30,,29.0,93,0.0,444.0,,29:16:29:20,29.0,25,,True,False
497,498,7,AST,30,,29.0,100,1.0,444.0,,29:2:29:14,29.0,38,,True,False
500,501,7,AST,2,,30.0,149,7.0,444.0,,30:2:30:16,30.0,38,,True,False
500,503,7,AST,21,,30.0,149,0.0,444.0,,30:12:30:16,30.0,38,,True,False
501,502,7,AST,30,,30.0,93,0.0,444.0,,30:12:30:16,30.0,25,,True,False
504,505,7,AST,30,,30.0,96,1.0,444.0,,30:2:30:10,30.0,38,,True,False
504,507,7,AST,2,,31.0,149,8.0,444.0,,31:2:31:24,31.0,38,,True,False
505,506,7,AST,21,,31.0,149,0.0,444.0,,31:20:31:24,31.0,38,,True,False
508,509,7,AST,30,,31.0,93,0.0,444.0,,31:20:31:24,31.0,25,,True,False
508,511,7,AST,30,,31.0,57,1.0,444.0,,31:2:31:18,31.0,38,,True,False
509,510,7,Filesystem,25,,-1.0,149,-1.0,,,,-1.0,2,,True,False
512,513,7,AST,19,TOPLEVEL_FILE,0.0,149,-1.0,,,,0.0,2,,True,False
512,515,7,Artificial,23,,-1.0,149,-1.0,617.0,,,-1.0,2,,True,False
513,514,7,Artificial,24,,-1.0,149,-1.0,617.0,,,-1.0,2,,True,False
516,517,7,AST,18,,0.0,149,0.0,617.0,,,0.0,38,,True,False
517,518,7,Scope,22,,-1.0,149,-1.0,,,,-1.0,4,,True,False
521,522,1,Name,26,,-1.0,149,-1.0,,,,-1.0,19,,True,False
521,523,2,Object,29,,-1.0,149,-1.0,,,,-1.0,38,,True,False
521,524,7,Name,26,,-1.0,149,-1.0,,,,-1.0,38,,True,False
521,525,7,Object,29,,-1.0,149,-1.0,,,,-1.0,38,,True,False
521,526,7,Name,26,,-1.0,149,-1.0,,,,-1.0,38,,True,False
521,539,7,Object,27,,-1.0,146,-1.0,,,,-1.0,38,,True,False
521,572,7,Name,26,,-1.0,149,-1.0,,,,-1.0,37,,True,False
521,573,7,Name,26,,-1.0,149,-1.0,,,,-1.0,37,,True,False
521,574,4,Object,27,,-1.0,72,-1.0,,,,-1.0,38,,True,False
526,527,7,Name,26,,-1.0,149,-1.0,,,,-1.0,17,,True,False
526,531,7,Name,26,,-1.0,149,-1.0,,,,-1.0,17,,True,False
